Index,seg_2,seg_3,seg_4,seg_5,seg_6,seg_7,seg_8,seg_9,seg_10,seg_11,seg_12,seg_13,seg_14,seg_15,seg_16,seg_17,seg_18,seg_19,seg_20,seg_21,seg_22,seg_23,seg_24,seg_25,seg_26,seg_27,seg_28,seg_29,seg_30,seg_31,seg_32,seg_33,seg_34,seg_35,seg_36,seg_37,seg_38,seg_39,seg_40,seg_41,seg_42,seg_43,seg_44,seg_45,seg_46,seg_47,seg_48,seg_49,seg_50,seg_51,seg_52,seg_53,seg_54,seg_55,seg_56,seg_57,seg_58,seg_59,seg_60,seg_61,seg_62,seg_63,seg_64,seg_65,seg_66,seg_67,seg_68,seg_69,seg_70,seg_71,seg_72,seg_73,seg_74,seg_75,seg_76,seg_77,seg_78,seg_79,seg_80,seg_81,seg_82,seg_83,seg_84,seg_85,seg_86,seg_87,seg_88,seg_89,seg_90,seg_91,seg_92,seg_93,seg_94,seg_95,seg_96,seg_97,seg_98,seg_99
0,0.0006082944951165448,0.0006060293724970473,0.0006103374515668774,0.0006097911565410749,0.0006075652383527279,0.0006121945134238352,0.0006107400286135416,0.000610716767399727,0.000613276013733956,0.0006118853727595819,0.0006090380829939662,0.0006110945049160289,0.0006082365046313166,0.0006074058783250985,0.0006079779043292246,0.0006060652624531133,0.000605303782729564,0.0006010976442207133,0.0006050847306226171,0.0006056890879092457,0.0005999862297849665,0.0005975296195541048,0.0005829514141933112,0.0005739630886510731,0.0005731656562241146,0.0005746912914440743,0.0005765657356982688,0.0005804627508849798,0.0005884374935643888,0.0006063117079392833,0.0006462623692673114,0.0007112853760341118,0.0007790267965758509,0.0008450253777699529,0.0008777672128591677,0.0008835822246921059,0.0008623392086147245,0.0008425417024114126,0.0008281601113534509,0.0008224572323979129,0.0008200299617242015,0.0008245332314179392,0.0008243408075008147,0.0008320935888482404,0.0008371372845975361,0.000827894396588189,0.0008087392280173678,0.0007873403480932429,0.0007652942221077874,0.0007497033641420096,0.0007385307046406788,0.0007404228435938689,0.0007488109762420147,0.0007551320426970322,0.0007641699846778598,0.000773061304839864,0.0007834815285607778,0.0007848571728140749,0.0007928670877381714,0.0007979896041193258,0.0008011137823170407,0.0008051576503510406,0.0008195416641665529,0.0008327575019712918,0.0008348033298914628,0.0008436192958214341,0.0008385283468820069,0.0008294518524583857,0.0007746913612849454,0.0007056169255297938,0.0006384400027088424,0.0005996621920724474,0.0005826181543333663,0.0005761162764248334,0.0005802743187588139,0.0005988354958354606,0.0006041625322373465,0.000611829846223271,0.0006092434982455672,0.0006161160055706675,0.0006147209505298336,0.0006031203759809692,0.0006069335182310168,0.0006157061655203456,0.0006229292150081125,0.0006267212854769515,0.0006222275458416705,0.0006203533211918277,0.0006258674792606303,0.0006244859275980164,0.0006254656260770895,0.000622931683714302,0.0006205572799449795,0.0006154719166023842,0.0006133223348714668,0.0006076478681566372,0.0006055905595424146,0.0006037811268147583
1,0.0006009131960333786,0.0006046976574481345,0.0006053190694509325,0.0006009678165815494,0.0005849287840533248,0.0005812384823671318,0.0005803252156316588,0.0005790686666022394,0.0005789393943477333,0.0005794704908356202,0.0005832877441234663,0.0005919559965777046,0.0006031888051550266,0.0006024171430409179,0.0005996492278836195,0.0005929353589622633,0.0005853925606322289,0.000588597646856338,0.0005949092942354793,0.0005971646007996051,0.000589835651222994,0.0005807974238912926,0.0005700510839234802,0.0005617035145918937,0.000564251620002603,0.0005682356251573123,0.0005752225185681964,0.0005891800761543017,0.0006145200790159587,0.000652290283651798,0.0006942009954694435,0.0007304704708592577,0.0007481786341949267,0.0007554981600931406,0.0007537883836749021,0.0007417500565101063,0.0007299477323975446,0.0007233619634358574,0.0007177203208447265,0.0007134215794458915,0.0007159759256456612,0.0007223153745738337,0.0007242143045736197,0.0007232379303156982,0.0007170459344508344,0.0007149409513048857,0.000716859250449711,0.0007256843960832712,0.000749648297034597,0.0007741438553307978,0.0007868911640943357,0.0007905969190670528,0.0007888492226600513,0.0007779011619136885,0.0007619575903447526,0.0007568504363293899,0.0007577420222123805,0.0007649185055923012,0.0007766173530854396,0.0007863370799931998,0.0007971156851052342,0.0008135291898389143,0.000804710584691823,0.0007789579750793259,0.0007271723643822416,0.0006670711784600817,0.0006161455306697971,0.0005864272723507875,0.0005738696450090087,0.0005715582510461429,0.0005716601119381646,0.0005680099430195388,0.0005648611877788184,0.0005614205499277797,0.0005604734580316757,0.000565437262302506,0.0005685801294610481,0.0005685962165016067,0.0005654756495648321,0.0005733648404406344,0.0005736788745888324,0.0005787435345844852,0.0005798488048591314,0.0005808228481879892,0.0005811565132739445,0.0005831361602644759,0.0005846620418512225,0.0005812365843318193,0.0005837095478369113,0.0005797139821566714,0.000577338451264207,0.0005765977648168492,0.0005774025085428785,0.0005762061501523891,0.0005764724454037145,0.0005767960463971479,0.000576950990100528,0.0005938004155016929
2,0.000587780043978665,0.000583756324666671,0.0005803219872969983,0.0005781330333685191,0.0005787357396324033,0.0005783847259216112,0.0005792860105082513,0.0005806067826296355,0.0005812570096122287,0.000582248126363468,0.0005841345128396197,0.0005864305157701075,0.0005934260082663491,0.0005963663281930119,0.0005941579317281236,0.0005930175142100343,0.0005989790409644308,0.0006040843875528857,0.0006114148526661356,0.0006095495488013219,0.0005962835169482721,0.0005924576268539546,0.0005881348940295673,0.0005790551807179988,0.0005680785938822815,0.0005725176608962401,0.0005803106779950595,0.000598217378796004,0.0006296991712429512,0.0006704670783956092,0.0007126757289066188,0.0007472733809034249,0.0007608491263924355,0.0007643932312387924,0.0007630108713192713,0.000761735833280257,0.0007581120613753344,0.0007553847327683718,0.0007496750307576714,0.000740430074028977,0.00073283150024704,0.0007338340735229396,0.0007281429138269949,0.0007203811215488838,0.0007108854821837825,0.0006972641837178188,0.000693918718843163,0.0007025255270685341,0.0007222474098747053,0.0007180602722561966,0.0007186732599926801,0.0007356737010949442,0.0007549716815819277,0.0007655767265087975,0.0007630067176805948,0.0007577714968384462,0.0007684194783444888,0.0007714596112427412,0.0007778346927050894,0.0007829853905232817,0.0007891686075820436,0.000794983758396543,0.0007915822179452883,0.0007701742991926922,0.0007223502062065069,0.0006704351730276791,0.0006257601155547886,0.000595836266840734,0.0005793799646628473,0.0005690215853389892,0.0005630641243496246,0.0005603724386811283,0.0005590361472971979,0.0005604007134037547,0.0005607295586593568,0.0005606264350061412,0.000563604313442783,0.0005696679349487827,0.0005725527092141109,0.0005774206493119426,0.0005795789218748408,0.0005840638129891775,0.0005876876452991281,0.0005906493654812472,0.0005891318732114776,0.0005866296969207824,0.0005854741610391637,0.0005870101018975417,0.0005889046629677907,0.0005878089193164525,0.0005877726709443737,0.0005871926132946081,0.0005863989855646445,0.0005882552696110199,0.0005853742808005245,0.000586215593009337,0.0005876814006641633,0.0005940826660208865
3,0.0006225253073344208,0.0006089997107062465,0.0006087994064395531,0.000605752698424575,0.0006044970938508503,0.0006027164883061237,0.0006018005867099248,0.0006018560997889148,0.000599833281007658,0.0005979265555121944,0.00059294757267039,0.0005953958422563417,0.0005984833703660312,0.0005963213023024176,0.000596831796018102,0.0005956933258720389,0.0005932985105725712,0.0005937626048870909,0.000593940575348547,0.0005821959838824273,0.0005764459530851472,0.0005705719421854342,0.0005587303026591455,0.0005598988066442491,0.0005633469674375467,0.0005669959768471991,0.0005745453747535122,0.0005833257640680841,0.0006004314063182479,0.0006259852930762305,0.0006674203559309089,0.0007208324815862737,0.0007781089443279857,0.0008241645289934037,0.0008538050139056871,0.0008556942581730729,0.0008362907145107939,0.0008206526052856758,0.0008098011227819773,0.0007917323151695291,0.0007895260479254848,0.0008001574737658486,0.0008051634878949955,0.0008289207529866739,0.0008460346988140669,0.0008486440237448263,0.0008386990419822928,0.0008185053431635265,0.0007835960820922858,0.0007619150507973613,0.0007501426815673341,0.0007366155928325882,0.0007362464241768081,0.0007367334925777597,0.0007359973992489571,0.000737288807912388,0.0007405921877852547,0.0007429451318549464,0.000750097706267241,0.0007541227638012639,0.0007612037133620011,0.0007716570625792182,0.0007807578043814824,0.0007975523902011623,0.0008117954360833613,0.000824543003297219,0.0008185451634707687,0.0007810480401340116,0.0007196909626978076,0.0006590819933673151,0.0006130693731479189,0.0005854760948763048,0.0005716636882136784,0.0005669611006907766,0.0005689923566132796,0.0005876692919711573,0.0006000318248339897,0.0005945362267147634,0.0006039764472634244,0.0006098641641236138,0.0005948808318799153,0.0005923433784722168,0.0006032557519752857,0.0006127039035535697,0.0006076659721397644,0.0006128817377668565,0.0006019190327961052,0.0005892598257646541,0.0005845799822400308,0.0005840347931645398,0.0005873787818988375,0.0005884353215877565,0.0005897315270530492,0.0005952868010347153,0.0005978120091749338,0.0006013050482504804,0.0006042690852290607,0.0006055026599482174
4,0.0005807668589389437,0.0005775970929554556,0.000576490972215178,0.0005741931872322306,0.0005722256423070371,0.0005736889808617336,0.0005742011814145209,0.0005725593586118741,0.0005680527559094377,0.0005685345557324874,0.0005841383349584645,0.0005984919638609453,0.0006006045440495225,0.0005993095399045098,0.0005895637344057375,0.0005818559525871412,0.000581853940810436,0.0005940909466425713,0.0005928805370913872,0.0005903281831771397,0.0005869952393639763,0.0005811840823706169,0.000572709007697422,0.0005668119684124602,0.0005665224716480008,0.0005713350153735387,0.0005821828802164784,0.0005968713799302392,0.000626412991512963,0.0006691693966777188,0.0007225004438502516,0.0007695814460580931,0.0008035122083067354,0.0008104354649954731,0.0008114963513383064,0.0007899550602696321,0.0007744484101856594,0.0007554341037980133,0.0007451651918411814,0.0007346726514788036,0.0007294747524637002,0.0007276739499683715,0.0007291440729117651,0.0007387264553451641,0.0007448707810561437,0.0007463234514445237,0.0007565973610717027,0.0007549532210526221,0.0007588848026347479,0.0007432016125690688,0.000730532674681302,0.0007437108309627339,0.0007517508993960638,0.0007557252238936047,0.0007567542952883777,0.000756585258811067,0.0007568526360856444,0.0007657128673225381,0.0007743171344856394,0.0007923624552938864,0.0008050543890090638,0.0008151858182957187,0.0008162259211500662,0.0008089456489176599,0.0007668448564237481,0.0007038788466407257,0.0006511158937752097,0.0006087065069555096,0.0005845090008353224,0.0005753229850482689,0.0005720848212086625,0.0005691586040586329,0.0005645908433680044,0.0005590327417720064,0.0005546060169909876,0.0005525600660030623,0.0005554087092166024,0.0005605006111891463,0.000564668532124586,0.0005692778940820012,0.0005679996255467907,0.0005701554390628735,0.0005735773301311928,0.0005756854958250893,0.0005784129825878189,0.0005780922884698376,0.0005808248215307656,0.0005792128436469945,0.0005824084086802532,0.0005793927264763264,0.0005819299157518232,0.000579477893679222,0.0005801501084149617,0.0005832584630608631,0.0005820179940744061,0.0005834477777237382,0.0005885106329428298,0.000591967893138626
5,0.0006008475749062265,0.000600151517282505,0.0005994735886689889,0.0006026560385411056,0.000608176847505688,0.0006061447302236905,0.0006074078941190134,0.0006060625690536704,0.0006095938592286989,0.000610215461770465,0.0006084328519540234,0.000607634244259622,0.0006117519066878024,0.0006053374367909564,0.0006017440575983987,0.0005985090778805633,0.0005943983097905091,0.0005915643237157057,0.0005862395723761219,0.0005884706137438795,0.0005924682656747148,0.0005860923676818233,0.0005743458553999532,0.0005732521867505883,0.0005765645324036448,0.0005826186005900016,0.0005888647530970553,0.0005949567752674735,0.0006000282238900266,0.0006042556108759234,0.0006165086741883569,0.0006444905805210341,0.0006901895221115369,0.0007448393084327723,0.0007889435790962555,0.0008117031044848082,0.000815501122061695,0.000810424919081482,0.0008027388342604688,0.0007929686007700504,0.0007870477452604595,0.0007903495665274707,0.0007896332060705611,0.0007999975559180777,0.0008060774771599979,0.0008032234544920672,0.0007984831545268228,0.0008008950208522464,0.000799247607118751,0.0007866320442176062,0.000769107526092619,0.0007549029709756638,0.0007469270081488864,0.000751189223345186,0.0007519930469556506,0.0007535109602846229,0.0007564309900362678,0.0007612721886044222,0.0007643755096959018,0.0007694664973160727,0.0007796671319586488,0.0007973602829942544,0.0008152818354140069,0.0008243696129926806,0.0008288713829319955,0.0008173912055131811,0.0007920444550375543,0.0007472808252966408,0.0006966879694641257,0.0006500671520513669,0.0006191232386581346,0.0006031607571206901,0.0005954773811396015,0.0005900291977897895,0.0005966342492494151,0.0006047843520968917,0.0006079075409340492,0.0006194527302715201,0.0006252907192127964,0.0006254558265517789,0.0006172640166954842,0.0006135090607581313,0.0006179642386427274,0.0006163125451489384,0.0006191778826780206,0.0006139021324692753,0.0006009518115853496,0.0005980776691425935,0.000603139605472979,0.0006045609399780392,0.0006080050754218898,0.0006123015242327242,0.0006081672756202206,0.0006093767422287447,0.0006106471042996444,0.000607975914135606,0.0006089177322031967,0.0006085001978473732
6,0.0006288203180845681,0.0006168901757378436,0.0006066692728765332,0.0006082533557437702,0.0006140612226113381,0.0006033553814572732,0.0005914502398690084,0.0005847913795725505,0.0005858012972241187,0.0005873453263446827,0.000578396474024378,0.00058017923742745,0.0005777505065598909,0.000575365055459356,0.0005808311722935471,0.0005885240511008072,0.0005905511466363568,0.000598559630435958,0.0006067544093532145,0.000598886565137525,0.0005947804433049886,0.000577125608955725,0.0005734049493985544,0.0005652212116137001,0.0005637653481220432,0.00057075825921779,0.0005842338063344268,0.0006088854761227026,0.0006473253840116447,0.0006893518163251337,0.0007305211008997393,0.000763558878922045,0.0007795617547698833,0.000794919551077809,0.0007905766053031284,0.0007873439180748837,0.0007731872702451262,0.000769617797753736,0.0007634172719040802,0.0007613638491021558,0.0007557639261690926,0.0007511692300254597,0.0007447060612287466,0.0007420503979559446,0.0007349195950144839,0.000733050850987629,0.0007345577541612515,0.0007475089986222139,0.0007542936944358174,0.0007657630848145854,0.0007907803285551066,0.0008039411462978326,0.0008152557755319947,0.0008234717905159149,0.0008188210972153544,0.0008141226004324542,0.0008165533604753159,0.0008143099813897978,0.0008231191307109373,0.0008346367916250571,0.0008458320066064691,0.0008466952266823907,0.0008323056230108412,0.0007991357140528489,0.000750987610425528,0.0006974910990287963,0.00065187186182561,0.000622150374338651,0.0006058811996467573,0.0005941007093548192,0.0005851284155484858,0.0005778655460623897,0.0005728783264573393,0.0005677077861552681,0.0005629634756024423,0.0005593743082589155,0.000559296239320667,0.0005722533748489557,0.00058017930564057,0.000582189582361507,0.0005877146849071772,0.0005954532587421881,0.000603915822700253,0.0006155742433618,0.0006158632925218051,0.00061136651101198,0.00060742585590023,0.0006040368959384356,0.0006019690001726526,0.0005971547097877764,0.0005994679556069575,0.0006006927829770415,0.0005989021728821265,0.0005968646060090985,0.0005952463772429524,0.0006010752731604996,0.0006018941876284368,0.0006032410895440491
7,0.000594111047120395,0.0005941636986755318,0.0006003516358289772,0.0006020080538816524,0.0005968777834084822,0.0005959751004453419,0.0005921950761359606,0.0005945198178036254,0.0005926931311979524,0.0005983381622329566,0.0005992792639514086,0.0006013849421268504,0.0006031458090696956,0.0006014408155875755,0.0006080885616996928,0.0006044927358820873,0.0005950592206866573,0.0005955243148558179,0.0006082410178352957,0.0006058506139347598,0.0005927642395216934,0.0005848176327265267,0.0005818825128212321,0.0005738615644948085,0.0005705459456414316,0.0005696821663975374,0.0005700101691649761,0.0005865437871084614,0.0006352189171059706,0.0007050946065540049,0.0007670473142751645,0.0007898999114235295,0.0007865566827717117,0.000779412187600915,0.0007607630741857293,0.0007498334556491859,0.0007276025485626154,0.0007131303377655752,0.0006993537498616617,0.000688703828643057,0.0006807980836408615,0.0006793814300771016,0.0006838000342589169,0.0006916499904642024,0.0006969155827263689,0.0007032012166962342,0.0006986238525496449,0.0006917743672471201,0.0006893953813448342,0.0006944342728167286,0.0007162578441190537,0.0007320946792338461,0.000736522177588127,0.0007326711924931655,0.0007226128779124894,0.0007140982791271212,0.0007215758074432784,0.0007214247855266571,0.000731914075716053,0.000747867159120377,0.0007626208912784624,0.0007780804882562279,0.0007952523459886168,0.0007952427955422127,0.0007579622436685606,0.0006953823734888412,0.0006264149474375408,0.0005839653502825328,0.0005692294981569424,0.0005665778892410831,0.0005671354767786103,0.0005693084322388965,0.000569711388030166,0.0005671650217015625,0.0005632234013739012,0.0005591770542430126,0.0005603910246690467,0.000566486902205968,0.0005725064755142189,0.0005775958055029605,0.0005829380817039091,0.0005909673119840865,0.0005956379588227384,0.0005968974845547785,0.000594295341813934,0.0005923061842520464,0.0005887734403819836,0.0005867096734426744,0.0005829733485344337,0.0005803130153929008,0.0005780959996487323,0.0005761530327835483,0.0005825202073448896,0.0005848479328932085,0.0005916111392880626,0.000587634865566264,0.0005925155935451876,0.0005963042575501747
8,0.0006146543812883193,0.0006120243871407236,0.0006150130471199995,0.000619773613747568,0.000617013768389424,0.00061973703120499,0.0006181585320959208,0.000615503537479645,0.0006164082711977678,0.0006162426190483129,0.00061803483444601,0.0006156231637662997,0.0006195225816778747,0.0006142225522103771,0.0006097064662702771,0.0006059247808834414,0.0006028949177781928,0.000597083414948334,0.0005969548751915971,0.0005984378459213474,0.0005967081349155848,0.0005885669156241662,0.0005865789753419449,0.0005880149626068703,0.0005910849471261563,0.0005926808483951358,0.0005937848982665196,0.0005952858044313055,0.000599263347965276,0.0006091421774332538,0.0006301927970204085,0.0006607045711790825,0.0007034900356146929,0.0007487011480740371,0.000781690725450717,0.0007955840653699165,0.0007978173383102908,0.0007988178009320116,0.0007896016218649604,0.0007813981778966384,0.0007712662512138381,0.0007659556941900915,0.0007620788566944122,0.0007704995855439701,0.0007786930513551483,0.0007792172142774127,0.0007738115492352729,0.0007554226466023494,0.0007534991155366588,0.0007519200438018329,0.0007469723344200291,0.0007423821498846678,0.0007406467914544812,0.0007389945583094262,0.0007391971668328457,0.0007362665941807626,0.0007309785042033086,0.0007320100890875694,0.0007402304335693375,0.0007503223405730605,0.0007552971481781244,0.0007591095578524326,0.0007685409227668494,0.0007696951301679123,0.0007703309699211302,0.0007606696650980103,0.0007332524774592562,0.0007053671785858333,0.0006701161720966155,0.0006350625121348016,0.0006110694305095626,0.0005958348981702856,0.0005870902428135775,0.0005832750155907425,0.0005852817635065309,0.0005956832522862852,0.0005992213207175949,0.0006026743467233062,0.0006108572432303544,0.0006170509507767048,0.0006085541692258125,0.0006076214454810476,0.0006098961822936924,0.0006087124597778918,0.0006072121430026861,0.0006061824794239513,0.0006010029497648306,0.0006017316140297899,0.0006019322631022261,0.0006046316056405712,0.0006085448501866365,0.0006084701193655901,0.0006100563062213994,0.0006115944644802508,0.0006119926571861863,0.00061520750316806,0.0006162791201779798,0.0006159362829711788
9,0.0005962451438164188,0.0005942938394975485,0.0005924775853985528,0.0005919330093225626,0.0005875007304581462,0.0005877603194010485,0.0005885817467781452,0.000588942073489818,0.0005903251651584188,0.0005927424540444152,0.000593335767251526,0.0005944892756701162,0.0005952931026818974,0.000595639939128758,0.0005962518921517847,0.0005972412773097617,0.0005988504323554188,0.0005983700128021753,0.0006038904270079608,0.0006046859887694196,0.0006127799334402174,0.0006016628122046388,0.0005879101548168616,0.0005854754747245866,0.0005846337310990113,0.0005953185265528836,0.0006123875638946801,0.0006415144550639553,0.0006894421770507152,0.0007456028784988094,0.0007919378203629177,0.0008139549083808115,0.0008156394003143253,0.0008069032076446355,0.0008014033812896916,0.0007879141724978054,0.0007825145841072626,0.000778810580647983,0.0007802001578916298,0.0007810677233886723,0.0007805522042222348,0.0007817961641207683,0.0007850103305327896,0.0007818117943325666,0.000764649194762079,0.0007452326958147905,0.0007402344659859758,0.0007706984583542436,0.000803299457325959,0.0007831195932753413,0.0007617238213387949,0.0007898825698234798,0.0008169824642570316,0.0008255108815374021,0.0008171956025891763,0.0008032891055209113,0.0007972844691501795,0.0007921782982402132,0.0007951045175086723,0.0008034235912189113,0.0008145199186670161,0.0008202374057375482,0.0008293931967430091,0.0008272126084189539,0.0008038531512564662,0.0007596026105819328,0.000709092826896853,0.0006659595483459608,0.0006339227176560134,0.0006143471043387986,0.0006010610606941585,0.0005887544229768351,0.0005770898385935141,0.0005697462312995177,0.0005648477811384328,0.0005668973430590827,0.0005740687600190961,0.0005801570760054232,0.0005840273646930479,0.0005878631948093103,0.0005879682010182585,0.0005909291928458589,0.0005949097962029336,0.0005952514066536134,0.0005962240392757316,0.0005971259741333639,0.0005971203997678544,0.0005992575743843734,0.0005971100074088501,0.0005997913194715413,0.000598458284526399,0.0005981565897732933,0.0006004127800075432,0.0006008124657228057,0.0005967627448514324,0.0005954594717602968,0.0005977573860348704,0.0006007073694489139
10,0.0006197988091319023,0.0006125598138148404,0.0006063065980576344,0.0006034310656543801,0.000604395223820277,0.0006033401605656095,0.0006028584576819458,0.0006041334831922623,0.0006015065315150462,0.0006035794096686221,0.0006018274790335579,0.0006012132153297987,0.0006007868244491887,0.0006003643103434374,0.0006045160874733611,0.0006049502450434511,0.0006060498009203324,0.0006066383392864197,0.0005963736946129836,0.0005874881867845528,0.0005799176339147088,0.0005754977924632726,0.0005737175975413004,0.0005758343151300137,0.0005810612436165897,0.0005863899771297842,0.0005877713167144911,0.0005886731222980204,0.0005974000977430452,0.000617255162011576,0.0006495166590703859,0.0006964719560883832,0.0007463707540948,0.0007988440596131588,0.0008316637054319925,0.0008374875402478235,0.0008265042328199552,0.0008186482802565828,0.0008012492909450833,0.0007881103370906601,0.0007848215858997253,0.0007803162444060103,0.0007800463582755462,0.000789549054609712,0.0007912320655123465,0.0007785734607849047,0.0007541353356995517,0.0007346897664265413,0.0007398661501028784,0.0007554558937295187,0.0007505057677625885,0.0007073332899697462,0.0006935675490568032,0.0007100876288390009,0.0007380644580703945,0.0007580631236421214,0.0007594387629949481,0.0007637224760340457,0.0007575270029365637,0.0007421206534798264,0.0007412975068210785,0.000751290909739775,0.0007659522930507111,0.0007787959643965434,0.0007910644476371565,0.0007899630090717555,0.0007789123587677087,0.0007474150664216686,0.0007100487117657153,0.0006595341709545438,0.0006222827454822048,0.0005958824737479113,0.0005820900584732572,0.0005762734269974391,0.0005745454541084618,0.0005777875627040209,0.0005921128361293928,0.0005906316615528648,0.0006010698019727004,0.0006170119065500043,0.0006175743287176994,0.0005987151940673809,0.0005995038074009022,0.0006083754151766105,0.000608141868773062,0.0006003346321308933,0.0005942689985350669,0.0005893560633287304,0.0005843275538045603,0.0005822976454436176,0.0005859362299317963,0.0005851784900873448,0.0005895995566883331,0.0005923350619487492,0.0005949267326338663,0.0005979531127885284,0.0006032179395838331,0.0006093132191984107
11,0.0005904785139484148,0.0005830463626535912,0.0005790639247713669,0.0005775992048787264,0.0005815917070704658,0.0005831099033353998,0.0005846838559805919,0.0005853932848954521,0.0005864284835231658,0.0005866992359853729,0.0005844092893917913,0.0005829911616669303,0.0005792492561217346,0.0005764611207882302,0.0005762160726452681,0.0005747124532975321,0.0005742941407812736,0.0005717728716608089,0.0005686802775566788,0.0005667921719351953,0.0005631654835008606,0.0005536173609789012,0.0005509045124503525,0.0005542235675903375,0.000559936828536622,0.0005637298533227516,0.0005649451664765432,0.0005656430506210619,0.0005711513744541562,0.0005829171582765603,0.0006020554506495328,0.0006268439231661797,0.0006564402545210625,0.0006910837851731064,0.0007204239045022977,0.0007431558336781469,0.0007599010718484822,0.0007662688781322516,0.0007672492394499572,0.0007635102134311598,0.0007574582416951274,0.0007543777855151319,0.0007525474919651427,0.0007546696975337302,0.0007563572491319766,0.0007462736161783061,0.0007270964416854562,0.0007089425156538443,0.00069767911462857,0.0006998785828386404,0.0006955420362585273,0.0006966342573453897,0.0006960355718746284,0.0007032932444725727,0.0007027441650927234,0.000701366077197428,0.0007040216274469798,0.0007073407232398506,0.0007129537969937425,0.000718224436129823,0.0007247041377695576,0.000730791647716876,0.0007379099677572707,0.0007513398281071524,0.0007560678378052582,0.0007591409676650519,0.0007466391194834083,0.0007084957709768571,0.0006606948573112377,0.0006176953503539667,0.0005891502522771939,0.0005739613688049278,0.0005661090750647874,0.0005597495836498547,0.0005603193731472477,0.0005732133660209897,0.0005747278382522582,0.0005829875112089729,0.0005865685496548948,0.0005841301916983981,0.0005850793026336757,0.0005749501380779628,0.000578140520910504,0.0005758029009562569,0.0005738614643351557,0.0005737319245248327,0.0005735707379067595,0.0005708458617607484,0.0005660954865274149,0.0005686224764954969,0.0005697847795991752,0.0005728276830132264,0.0005774124408301362,0.0005819033691165897,0.0005852284964278436,0.0005887323917764519,0.00059063390521806,0.0005922272776733724
12,0.0006514901777560001,0.0006461785923903603,0.00063464778810245,0.000632576733100378,0.0006345920693866214,0.0006338213801405969,0.0006396970247992547,0.0006380093807774706,0.0006448173163993782,0.0006436275463646859,0.0006422462869906776,0.0006337790097904732,0.0006229165646734061,0.0006250507071348634,0.0006149683518381903,0.0006152621116574844,0.0006093764658063989,0.0006068129274887516,0.0005982444466818574,0.0005957845766318033,0.0005876853509187308,0.0005755971516713268,0.0005707591335087077,0.000571058141757183,0.0005752752019534561,0.0005801024516638801,0.000584939112319968,0.0005913961054111097,0.0005981866429047356,0.0006069996874553721,0.0006219743650491149,0.0006499191320757856,0.0006938478565288853,0.000744731681976906,0.0007894980078225613,0.0008194184892364445,0.0008325672535034569,0.0008365813282399893,0.0008372781411739312,0.0008325901622306759,0.0008295568179629475,0.0008276333607610083,0.0008226425983595501,0.000825875380400144,0.0008233927464211645,0.0008116084326712698,0.0007847422963373809,0.0007545150253502529,0.0007300783138307846,0.0007190721320036275,0.000714933675889068,0.0007250005426056681,0.0007402714711951865,0.0007590306852466715,0.0007700449684968355,0.0007689570802074964,0.0007637669886941562,0.0007597240863829054,0.0007600761052942143,0.0007605651112649078,0.0007725143449150122,0.0007844648845952061,0.0007964084612941576,0.0007972270794054975,0.0007967040023132395,0.0007881331537890355,0.0007550781020069949,0.0007022886134020529,0.0006479114009593731,0.0006121608355285609,0.00059137292890405,0.0005834304662398251,0.0005787259102956357,0.00057499968485919,0.0005741664905054107,0.000581853654839726,0.0005900733433574543,0.0006112870578954451,0.0006327398639770206,0.0006434194196740514,0.0006491559536564236,0.0006177414601922443,0.0006189282651455102,0.000628414931290827,0.0006263433576175464,0.0006156713585061758,0.0006117342911322816,0.0005991978504894257,0.0006048202474537226,0.0006091260184084912,0.0006150973584778131,0.0006199963831531868,0.0006264886336443772,0.0006322220233879985,0.0006449636661237801,0.0006577843021724708,0.0006672305490587345,0.0006683251388092251
13,0.0006100796219449886,0.0006011340598058296,0.0006020387388850094,0.0005993680138937082,0.0005969526604058925,0.0005986036377762424,0.0006007652475041582,0.000603057862927618,0.0006032731832703213,0.0006061869399990161,0.0006060041071015001,0.0006061834709229116,0.0006068358451548939,0.0006027615655420583,0.0006044069581585615,0.0006017938359205668,0.0006025246305246689,0.000604673940407832,0.0006034600215117548,0.0005989405391638419,0.0005885536864382464,0.0005813923365053202,0.0005731950640418518,0.0005739764339810416,0.0005784731317065256,0.0005830319083339364,0.0005851192458723991,0.0005855831655636129,0.000587388561686649,0.0005949905228520748,0.0006144117119894095,0.0006454691236251314,0.0006812666058800802,0.0007148771692167997,0.0007403511500370974,0.0007556724519173818,0.0007606973757154355,0.0007685348894235915,0.0007722361855031895,0.0007775247900930526,0.0007826110416127083,0.0007928071075968596,0.0007832715902683459,0.000771861619854413,0.0007547517118240078,0.0007325869426801419,0.0007165510516818213,0.0007073428109971445,0.0007054554663623968,0.0007182184969281449,0.0007226789606423149,0.0007189260429393395,0.0007261723921813443,0.0007323575129621017,0.000732508876599548,0.0007241128910651243,0.0007210269481636329,0.0007177116448872515,0.0007210480963235148,0.0007258615430913517,0.0007375425491474934,0.0007430629676086558,0.0007528411586115466,0.0007548353903065956,0.0007525408729720242,0.0007430181945903046,0.000721407063173451,0.0006884056004210052,0.0006537942152737903,0.0006210994530676938,0.0005990601875003769,0.0005879771167774508,0.0005843454326899158,0.0005827359902075566,0.0005871087939000448,0.0005936087108692138,0.0005993389356365587,0.0006166559881980193,0.0006134593601974644,0.0006115549652136532,0.0006018875262226376,0.0005943123905145684,0.0006014614371327347,0.0006056083498357809,0.0006005152291865144,0.0005982888067305003,0.0005974755312132297,0.0005975846467857497,0.0005994671059325116,0.0005986185155816124,0.0005978096480108003,0.0005970678578256838,0.0005969998065738297,0.000598522857106184,0.0006008929700470789,0.0006068608338562899,0.0006067360922582432,0.0006119872042908404
14,0.0006159341164986128,0.000604995453882132,0.0006126909207495939,0.0006251825240702424,0.0006215343759378038,0.0006286139550864189,0.0006270236901058411,0.0006302686200800985,0.0006252463533038987,0.0006251773550375905,0.0006158382084836997,0.0006117805619105808,0.0006099383728121528,0.0006136431638635932,0.0006179203028707345,0.0006191320518889,0.000619195968838289,0.0006152698080521334,0.0006022417378068721,0.0005920061849835657,0.0005845375398443401,0.0005803506383096881,0.0005795787383796511,0.0005807582160991024,0.0005842766622433922,0.0005889451636865343,0.0005933146214359015,0.0005960656937164011,0.0006024854064962477,0.0006140015555065416,0.0006395839902771764,0.0006835130739232877,0.0007413780982087534,0.0007933828411174324,0.0008251378316552387,0.0008270106926835164,0.0008157101027105572,0.0008084142268460573,0.0007973992387055101,0.0007939023412052224,0.0007958903169697219,0.0007977542464518086,0.0008051549711750579,0.0008203904363626248,0.0008189580342116249,0.0008115784086916558,0.0008121334641442181,0.0008146537847341366,0.0008101423523506094,0.0007996524411967751,0.0007750693509678278,0.0007591556608149345,0.0007585779667390765,0.0007605022932051454,0.000760416275211289,0.0007667588708018218,0.0007674964485262377,0.0007709788131343624,0.0007717949477687617,0.0007765071191124307,0.0007885249190409182,0.000809497443591766,0.0008201299718447601,0.0008324205462857958,0.0008436909753988467,0.0008430071336053343,0.0008307796806127058,0.0007944152890411498,0.0007308180969927598,0.0006681606532233761,0.0006314563164477793,0.0006164006407080932,0.0006057346006741372,0.0005990659379940394,0.0005975489830452142,0.0006109611595269465,0.0006134142303879677,0.0006481814304021316,0.0006641134304527081,0.0006581665168328742,0.0006493954713977649,0.0006193315995162085,0.0006201697308159097,0.0006102347145110649,0.0006103776935967453,0.000605626720502059,0.0006022818105476147,0.0005957019420179439,0.000598268774669176,0.0006031145594268809,0.0006047588022177568,0.0005996347269357959,0.0006098922392428295,0.0006208128584595144,0.000619188393783584,0.0006112185800710628,0.0006070091795839271,0.0006155648698689052
15,0.0005856241588276804,0.0005819228672152046,0.0005746303584608304,0.0005766797973700537,0.000579313528126154,0.0005795821871125501,0.0005869251584890655,0.0005865572093029986,0.0005852936325621116,0.0005888407640909717,0.0005884976235393574,0.000587105411013897,0.0005869663295087518,0.000590044191900453,0.0005881128114636,0.0005846295762009119,0.0005823574859032995,0.0005765827070444025,0.0005629196947888642,0.0005590093362455422,0.0005514645806847402,0.0005426948356511943,0.0005380092937889011,0.0005371226819416406,0.0005381394122924028,0.0005393028326847748,0.0005418485474086166,0.0005445711245565508,0.0005496771024651138,0.0005610621861044673,0.0005832375589551272,0.0006215774658898447,0.0006855673609201664,0.0007510451752298886,0.0008015813014933557,0.0008235500876543325,0.0008186821200121835,0.0008126901572846736,0.000804902008533731,0.0007963177346713542,0.000791791102097097,0.0008042483497131881,0.0008032472620317761,0.0008168841243998543,0.0008171540878298718,0.000809589229170728,0.0007970717990597939,0.000792523342926503,0.0007884241312583693,0.0007774933430830909,0.0007718000983879806,0.0007664881379750336,0.000762313262022367,0.0007618630129271105,0.000766636073927947,0.0007681617451378483,0.0007701730765376094,0.0007667906603677589,0.0007622486962784391,0.0007663466518927463,0.000774298677516828,0.000783673645239645,0.0007906346951508979,0.0008049059106923668,0.0008087456003715826,0.000802714412150327,0.0007825571643673991,0.000742579173447455,0.0006866835574435929,0.0006230985704557225,0.0005767275601352422,0.0005548038690849409,0.0005451228385543376,0.0005394031762152249,0.0005432893700752582,0.0005613535137582161,0.0005582619173695023,0.0005798766181850436,0.0005955961326668058,0.0006030893615262776,0.0005974263069768386,0.0005873434827520572,0.000591196215074778,0.0005817994162686445,0.0005726611249912122,0.0005723776879298359,0.0005704237047687286,0.0005704310590512649,0.0005720599409709097,0.000574204403109172,0.0005777845086727618,0.0005766302102368021,0.0005842519443877681,0.000595989839104072,0.0005962544094756329,0.0006008306914814487,0.0006033526730876491,0.0006113282753633685
16,0.0005897219745074616,0.0005872745476395117,0.0005836452283072376,0.0005874786529555384,0.0005912542062745162,0.0005934654623927644,0.0005937874530535894,0.0005934547168822213,0.0005915493735066401,0.0005934383230703897,0.0005941252066701733,0.0005922017845178287,0.0005914250572381376,0.0005899088661627312,0.0005902872178719887,0.0005908034882874467,0.000588654932195675,0.0005862797600179847,0.0005843825426206873,0.0005827702481196403,0.0005793702838879268,0.0005791918616885441,0.0005791168299463001,0.000587081873757288,0.0006005590350223129,0.0006174881915041802,0.0006287496111331864,0.0006372872155634207,0.000640991473951695,0.000645892400443518,0.0006578317193429328,0.0006785127018775537,0.0007104408756437976,0.0007487791804030378,0.0007785861985519908,0.0007822517852718952,0.000775120075225751,0.0007640577537742535,0.0007564288461310365,0.0007510178741510925,0.0007553551694086454,0.0007571770917059901,0.0007550642283305137,0.0007530484402843123,0.000743562822179929,0.0007201558598505185,0.0007018617790432328,0.0007109730833694044,0.0007451831988363966,0.0007613387233339243,0.0007511109377021742,0.000752903384486759,0.0007619970393793571,0.0007623617829950129,0.0007560313656400362,0.0007417008449544409,0.0007235536395866779,0.0007105900429178961,0.0007053669833181087,0.0007075829595592499,0.000713195009049898,0.0007225349058689451,0.0007399593596576535,0.0007575765016006661,0.000771235482020115,0.0007753882288591185,0.0007673112382687513,0.000744141530938787,0.0007154916049392197,0.0006837095896672472,0.0006515064780389564,0.0006241815786955115,0.0006053391372991937,0.0005925642922515286,0.0005859170553454558,0.0005947839223169153,0.0006013126466902486,0.000604535386061329,0.000609026798903924,0.0006101715081466424,0.0006034994621704271,0.0005959204879679419,0.0005935007800509482,0.0005907772264679768,0.0005869440795980641,0.0005856787906570525,0.0005844758432509625,0.0005799111297478106,0.0005761250672645726,0.000574593843084627,0.0005750604305546094,0.0005746059054751745,0.0005768003651616576,0.0005749089638428144,0.0005785028345801014,0.0005840319627645021,0.0005886464737267057,0.0005898135298616077
17,0.0006092156690716174,0.0006073977974673988,0.0006095062522591039,0.0006061221007142029,0.0006063032847772026,0.0006044385342816757,0.0006077897335217087,0.0006077689755231261,0.0006114105949970493,0.0006116308713391453,0.0006159457296782052,0.0006152706010879048,0.0006201288469355569,0.0006180846755291948,0.0006156799745781205,0.0006117936553923387,0.0006089875413726676,0.0006045410922290111,0.0005994352583317023,0.0005944427416243868,0.0005977253183320972,0.0005917862086646597,0.0005854853642807328,0.0005849681730057377,0.0005873175235537227,0.0005896411161030934,0.000590974767763476,0.0005914236253510202,0.0005929319585652948,0.0005990988761467904,0.0006161215025311096,0.0006457040205254051,0.0006950230017987649,0.0007532032854550796,0.0007982168092892337,0.0008228963597078762,0.0008268061748139992,0.0008153265456410819,0.000805209728543307,0.0007988126436833941,0.0007943454236084091,0.0007934310821671853,0.0007915528741492788,0.0008016637501141424,0.0008091920152928893,0.0008059943461421323,0.0007934501509353998,0.0007705492138175245,0.0007561259809515862,0.0007546397555134336,0.000761159000891341,0.0007692580954389149,0.0007708558717407124,0.0007644273840843955,0.0007527337608434475,0.0007449198761054907,0.0007382834319860835,0.0007332510156827034,0.000729093538574955,0.0007343203123669378,0.0007421398918450789,0.0007489702740782864,0.0007528036982399598,0.0007603699996219297,0.000756925816550905,0.0007510610898216974,0.0007249278600253293,0.0006956558033886222,0.000659602953461558,0.0006275430334757475,0.0006065325034310652,0.0005963530426096453,0.0005935394635592681,0.0005909705772078589,0.000587238743381262,0.0005962047681156094,0.0006054851686584095,0.0006066542738433451,0.00062718956250942,0.0006352637467334108,0.0006269351899949029,0.0006170850733486161,0.0006256500631517159,0.0006313517644778175,0.0006262303893273232,0.0006174105697193932,0.0006106430754958876,0.000610251071719912,0.0006122998643933477,0.000613195783285677,0.0006139506559364684,0.0006099990122756368,0.0006063950326258688,0.0006055238120259292,0.0006079598406789049,0.0006072673763834904,0.0006060611813803652,0.0006013862565750883
18,0.0006099525363019609,0.0006022074874950783,0.0005954278247893878,0.0005950483722055356,0.0005968936012842088,0.000606201469398819,0.000602861998570047,0.0006063813105413308,0.0005965557661552085,0.0005965964278098516,0.0005918455157848285,0.0005919457088347083,0.0005887737979161407,0.000590081956972764,0.0005895725701890348,0.0005894366347778237,0.0005878190154958019,0.0005862785817541994,0.0005810821814184263,0.0005780910874620566,0.0005725909029233637,0.0005648980402058719,0.0005593088681324171,0.0005596823735597493,0.0005606204627324217,0.0005649968720230804,0.0005688471582177751,0.0005743412303086686,0.0005788069455900679,0.0005884640142073328,0.0006020537221329388,0.0006252857935539236,0.0006620417360371232,0.0007038277187495662,0.000749236423707344,0.0007818914757793776,0.0007994468031806462,0.0007983588188328537,0.0007982967899776113,0.000799763162028391,0.0008004158390260454,0.0008046957240045789,0.0008069102252092294,0.0008203218191048017,0.0008395586573104478,0.0008425703869783638,0.0008316461485293887,0.0008082447593184584,0.0007841429770576691,0.0007932457285924595,0.0007998187259184579,0.0007978023657563732,0.0007901076882439301,0.0007862032251869091,0.000781668887057285,0.0007742786786033062,0.0007677913676359808,0.0007602297214658499,0.0007611658751607274,0.0007677714773464493,0.000779313461638279,0.0007826496102765429,0.0007915904458563874,0.0008028286028756434,0.0008002694150736044,0.0007889797776922489,0.0007547709089147911,0.0007158882223428266,0.0006717013580060513,0.0006349591926360685,0.0006072240712922619,0.000592596102279678,0.0005824552134912976,0.0005762217769225529,0.0005784797448352977,0.0005942080009522453,0.0005895361715413268,0.0005945872570137844,0.0006085493194873708,0.0006115209383495441,0.0006109335316703168,0.0005972611895371779,0.0006066776223672445,0.0006072121840353222,0.0005986663464120676,0.0005929429810177556,0.0005832142706853581,0.000577461976070693,0.0005793020295309686,0.0005776481766234426,0.0005808127549741547,0.000580222379476735,0.0005849493928021804,0.000590005563765755,0.0005953431935418586,0.000597105713319888,0.0006013596289592144,0.0006037949842652363
19,0.0006040131604587401,0.0006007795954126438,0.0006017538681220774,0.0006043632848046189,0.0006018933089050513,0.0005957524957181078,0.0005907710678349663,0.000590829182752656,0.0005902402804647693,0.0005906997527166169,0.0005949757104244113,0.0006006520670437292,0.0006233252047062947,0.000635834819357036,0.0006321709242311221,0.000618118796144689,0.0006067893390530476,0.0006105672742450366,0.0006190819696179539,0.0006230045626165691,0.0006173874196880369,0.000608995061159564,0.000595823616344628,0.0005994280789004868,0.0006101450316689109,0.0006263106010163911,0.0006481531830606122,0.0006716891005429384,0.0007093313383468102,0.000756333426778207,0.0008081205781766739,0.0008437312043815825,0.0008525200850005627,0.0008500734831340998,0.0008346159733180282,0.0008197183918427447,0.0007958205222664029,0.0007854038528442199,0.0007778040156284842,0.0007678606864657306,0.0007710540222938349,0.0007748478461425002,0.0007825447028800743,0.000782847077613821,0.0007801530979799923,0.0007698982333168737,0.0007618157914696205,0.0007643800153049544,0.0007768371249884021,0.0007868369174005789,0.0007929677347097264,0.0008017255751018068,0.0008037025782613156,0.0008068345279896389,0.0007974199523607785,0.0007862200682838395,0.0007867133210089934,0.0007858792373629801,0.0007925294494232124,0.0008136686291211168,0.0008274061157692667,0.000841301392190952,0.0008531281353541423,0.0008386168354909993,0.000788539889870796,0.000731760827170395,0.0006879527942043088,0.0006604164706562205,0.000642787818130524,0.0006316806500082047,0.0006230462254737246,0.0006146425404342223,0.0006053925177723204,0.0005930825665841344,0.0005815808595810587,0.0005751177790030916,0.0005753064399972493,0.0005786725910663826,0.0005800751650138269,0.0005754004780455461,0.0005787467632755446,0.000584925995659241,0.0005882177329732073,0.000595827382962908,0.0006032987688407007,0.0006003696310218065,0.0006012745107165332,0.0005961313226078208,0.0005945403450947235,0.0005949416141214801,0.0005939414119127673,0.0005916407669286154,0.0005927718240365425,0.000594770476223739,0.0005924373181451136,0.0005981337511787449,0.0005983777906807641,0.0006029401077245208
20,0.000586096581828725,0.0005834068930052399,0.0005851147966354271,0.0005865852418791568,0.0005896797253238622,0.0005913532868910386,0.0005943824332133878,0.000596410332034485,0.0005991049756073208,0.000599257243394629,0.0005993721411196031,0.00059977772060795,0.0005992355255559213,0.0005980966795573385,0.0005986260228004213,0.0005982924593257341,0.0005981445377564289,0.0005975533607616224,0.0005920418094039141,0.0005867775794242755,0.0005879808356823139,0.000581659646252131,0.0005758198359428325,0.0005744287223928449,0.0005762283092512898,0.0005772472144608647,0.0005781723750374751,0.0005783035466689817,0.0005819364252409883,0.000592191110196012,0.0006163920280138314,0.0006606946453340777,0.0007223296663563622,0.0007828080188234285,0.0008179187156365749,0.0008271888292548929,0.0008176164600579136,0.0007973760393854482,0.0007889116749567518,0.0007927759526347488,0.0007909440325224106,0.0007912252256041069,0.0007861423888103072,0.0007936469504720686,0.0008054683761749551,0.0008024575533307224,0.0007872039451602649,0.0007707754501640335,0.000745796085560342,0.0007246485874608273,0.000725434819509837,0.0007372152159289373,0.0007428704020079197,0.0007473644323844778,0.0007464044747308398,0.0007359012955046745,0.0007300977844650985,0.0007250757073418998,0.0007206610001990387,0.0007253417983685142,0.0007303092539614744,0.0007417904296568565,0.000752349689875542,0.0007675395068387708,0.0007837378867580289,0.0008009384092232851,0.0008106500274255816,0.0007835078096806394,0.0007358660405860074,0.0006726791910070632,0.0006200556086217474,0.0005926807119261648,0.0005809277761937784,0.0005768527437227688,0.0005804717566293539,0.0005907081115444667,0.0005937471652105336,0.0005952643927775345,0.0006075567126784578,0.0006142497167124916,0.0006052660685952137,0.0006002699584228745,0.0006010113369186006,0.0006032554320584145,0.0006037505486395281,0.0006017878146003924,0.0006026211842914957,0.0005978623934055169,0.0005963461509339796,0.0005956665599009239,0.0005895843054399009,0.0005863042634617208,0.0005855838059673345,0.0005856284948378078,0.0005920771035876265,0.0005943690454823934,0.0005969078615217676,0.0005966345768702759
21,0.0005864652922632225,0.0005839148761464038,0.0005829595089918059,0.0005858724282489297,0.0005825362063558716,0.0005820918591824093,0.0005830745636064276,0.0005869691925831963,0.0005896895516544401,0.00059233843098921,0.000596673200222637,0.0005990397164609776,0.0006018769494761628,0.0006041024945305452,0.0005964821580746778,0.0005932155764744784,0.0005956055540168016,0.0005922062471380323,0.0005872456054021988,0.0005795872694187438,0.0005771845872755384,0.0005744473509712712,0.0005754259556190556,0.0005740858525713122,0.0005757418337569201,0.0005788797376951842,0.0005826830120223242,0.0005869811082579535,0.0005932849721181631,0.0006049815569665398,0.0006293090885274354,0.0006710008573015297,0.0007295573931221972,0.0007934689404901325,0.0008288250297777843,0.000843466405626075,0.0008403112203792174,0.0008234091105415921,0.0008197892885435271,0.000811754155345931,0.0008107325003158119,0.000820606501357068,0.0008244136922779696,0.0008274704693288877,0.0008381783719346715,0.0008348028933946512,0.0008233542407667373,0.0008159157584400958,0.0008015482669497988,0.0007964863622009371,0.0007891944746824153,0.0007792753428403355,0.0007646125734557468,0.0007632152233016877,0.000759641899007096,0.0007506202308815667,0.0007462111324496401,0.000743778660804576,0.0007421283679534251,0.0007484671502719088,0.000753406251150758,0.0007591874213663957,0.0007693524316808646,0.0007828076396637234,0.0007908984554628636,0.0007945798778069951,0.0007933312357251491,0.0007704211999066994,0.0007274021339198628,0.0006788512942452505,0.0006375222627911243,0.0006131544649046625,0.0006000755068599748,0.0005911812680534796,0.0005843787663480096,0.0005837398468944083,0.0005829040998607462,0.0005968654843966665,0.000610236851161171,0.0006271580456143225,0.0006100900261583386,0.0005937596975698763,0.0006006040878958875,0.0006085861157074334,0.0006056502839265153,0.0005955897806131952,0.0005912770264612914,0.0005844624077589508,0.0005841916769526818,0.000581881408094583,0.0005759127236096459,0.0005774308533728902,0.0005764646560888132,0.0005775426306467902,0.0005824648963338017,0.0005825630983910098,0.0005808442735916625,0.0005808556436105625
22,0.0006045907380438846,0.0005982890861642129,0.0005986149429956626,0.0006038047236427037,0.0006106412271301844,0.0006092546100334962,0.0006087239835530319,0.0006141182688347824,0.000611436786722096,0.0006118933507894119,0.0006087846476804958,0.0006111142600702797,0.00061063683630121,0.0006132210862733566,0.0006123870763154055,0.0006137598991207304,0.0006169369021788584,0.0006246654097405257,0.0006303528840314541,0.0006322997741344509,0.0006179159988290004,0.0006066773720982347,0.0006009014332347217,0.00060381867507974,0.0006143438669655747,0.0006302262182095193,0.0006503343323488552,0.0006699169497971372,0.0006866995019786862,0.0006987227267578412,0.00071102033987754,0.0007315149561217666,0.0007656769353426423,0.0008151455931645633,0.0008568073504509695,0.0008878359785038257,0.0008900648950814745,0.0008756934916211065,0.000862109676454872,0.0008588924765800605,0.0008408467213050727,0.0008374439174823557,0.0008286084720478866,0.0008295399885581208,0.0008352538185211675,0.0008361440875299499,0.0008295172241013646,0.0008240398923842542,0.0008152215104476688,0.0008049095404418052,0.0007835861632326475,0.0007720354878830782,0.0007703570839235431,0.0007772390704420865,0.0007783837302112892,0.0007817405980039172,0.0007929791564316726,0.0007952863276669463,0.0008071215643792685,0.0008078520033963309,0.0008129633036656678,0.0008253467643440979,0.0008371781288655906,0.0008466091761992619,0.0008569838509194588,0.0008555572419394098,0.0008484675702621058,0.0008353779976590142,0.0008178098362920001,0.0007927713927130972,0.0007627391654177291,0.0007304169551632352,0.0006953638011826071,0.0006686172998744454,0.0006426538290735982,0.0006390670773796462,0.000649356139897675,0.0006449549547481822,0.0006436076913682008,0.0006450516360698233,0.0006383791235972784,0.0006213748363570928,0.0006135733882120756,0.0006087233613037189,0.0006117479775650901,0.0006103223888641116,0.0006015059941802448,0.0005988714070988844,0.0005966048397678113,0.0005963926150901279,0.0005970198536841996,0.0005955590135523425,0.0005943858716290746,0.0005938957856460372,0.0005986794799103729,0.000602794150258826,0.0006081716108455859,0.0006149039221004335
23,0.0005916733375919048,0.000589928113445452,0.0005858270200070521,0.0005780781004367488,0.0005782536981080562,0.0005775851286763115,0.0005799406960295381,0.0005818770863623501,0.0005862065075218336,0.0005875372642038429,0.0005930768219312982,0.0005930246542585992,0.0005990672682436543,0.0005967767007987695,0.0005904072225989895,0.0005814945738742201,0.0005803600286559426,0.000582737182301609,0.0005760782362918278,0.0005675506164795443,0.0005663482256228575,0.0005605918566785968,0.000550837386153397,0.0005498884181379583,0.0005530948601502968,0.0005567664323903489,0.0005606822303900532,0.0005647026236690703,0.0005706341603184527,0.0005825370082692764,0.0006036850735408192,0.0006362800307710959,0.0006738924670693557,0.0007184967435424657,0.0007618010407352395,0.000783334369033001,0.0007733839649349066,0.0007750585801450127,0.0007757861677258179,0.0007720238110565558,0.0007710837438590636,0.0007731918919753755,0.000776039179341592,0.0007887777279616431,0.0007987342915435037,0.0007878774362325904,0.0007779595499759587,0.0007565148551899675,0.0007457912580391304,0.0007497792494668023,0.0007619787816594458,0.0007593824241971937,0.0007504110873194581,0.0007524722656872239,0.0007445164308205773,0.000734886952956693,0.0007237322353238319,0.0007143723904788409,0.0007158349935210603,0.0007182688464823831,0.0007341089538051116,0.0007519197951760717,0.000767511838480458,0.000784423415743087,0.0007940978124637198,0.0007984557088286165,0.0007802981157720671,0.0007324841282714318,0.0006711642322299159,0.0006152450879583565,0.000576156631744914,0.0005576902612245714,0.0005476086476498053,0.0005422845077445171,0.0005433002164910148,0.0005629185228101714,0.0005658062527899171,0.0005715898927336125,0.0005798280008564651,0.0005874058100166597,0.0005839169430773318,0.000569611451308936,0.0005716991467769547,0.0005749253361601507,0.0005673076466245408,0.0005600846953414242,0.0005589337735953026,0.0005628000109039802,0.0005672999166861871,0.0005711774183393593,0.000566095867511087,0.0005691913192794136,0.0005678017479206286,0.0005686831227998272,0.000574119738246236,0.0005779698829818384,0.000580640386738386,0.000589479798635442
24,0.0006015787755694041,0.0006080435235461473,0.0006031143519285981,0.0006052110497867198,0.0006033586598068399,0.0006044635811829321,0.0006041432029190468,0.0006043266628522252,0.0006045405828541599,0.0006030493152162683,0.0006009540742591541,0.00059897483201525,0.0005960779350914041,0.0005956924300158041,0.0005926280047792507,0.0005921987116821615,0.0005906961824978737,0.0005912109009656508,0.0005958068473157209,0.0005901637047472571,0.0005814643512719232,0.0005818467256339273,0.0005781236653628329,0.000577760269787414,0.0005805676167412074,0.0005841591840655167,0.0005872376901221577,0.0005925075903216295,0.0006006355460004521,0.0006132336677472964,0.0006347943161238681,0.0006675162277813068,0.0007133237231713323,0.0007574483021869294,0.0007933614084123014,0.0008051255088230579,0.0008101466568310653,0.0008105759628635555,0.0008089059370767539,0.0007965331411684406,0.0007947090424794276,0.0008040434090504153,0.000810002563550996,0.0008239379911063619,0.0008384411682084035,0.0008369035235821264,0.00082617029112799,0.000791055263556875,0.0007728488444909521,0.0007746902949900131,0.0007806829963656586,0.0007929906696275706,0.0008023297467016579,0.0008129537542857054,0.0008058691813606107,0.0007918988888821421,0.0007789405984581387,0.0007694658779152342,0.0007671720943076301,0.0007743452239729591,0.00077936898891008,0.0007944432950528371,0.0008036518074516243,0.0008179236989112545,0.0008275674893693051,0.0008315287805800237,0.0008213844242382302,0.0007798818344568581,0.0007237155958244586,0.0006665028173748536,0.0006282047965136913,0.0006082337136917232,0.0005986540656360076,0.0005919163317359131,0.000591411156597141,0.0005942808338992768,0.0005943042063435975,0.0005980168019935496,0.0006088363483481861,0.0006122167195967312,0.0006064657549288213,0.0006054900547637654,0.0006109429818741316,0.0006134327190889631,0.0006105814144911285,0.0006071149332599474,0.0006040574856440579,0.0006050012092326464,0.0006025287839183435,0.0006021770426548304,0.0006003755306644249,0.0006011777593567587,0.0005997609732452565,0.0006016025978450691,0.0006057242652068866,0.0006085713875312729,0.0006136635974606054,0.0006102898394649463
25,0.0006749808544385104,0.0006593547384246788,0.0006385493196112673,0.000627868828134316,0.0006186220758120157,0.0006148411758487769,0.0006176377104773577,0.0006229595218893178,0.0006303942347747665,0.0006310089128701218,0.0006320618282883659,0.0006320512238316594,0.0006318002856622857,0.0006405841360133583,0.0006582207430259918,0.0006613143924658859,0.0006479348293272988,0.0006527348778744881,0.000649997475147918,0.000638384960481674,0.0006476798463350656,0.0006419268282936337,0.0006298063881650107,0.0006295191000810049,0.0006396968969928621,0.0006501892540523726,0.0006667876732971334,0.0006975131113420751,0.0007471428428153702,0.0008093657871123282,0.0008665830898874195,0.0009042548772823264,0.0009174690290161091,0.0009077485056090413,0.0008931583348565854,0.0008771054347094817,0.0008453891022927654,0.000824572472913683,0.0008106188262422632,0.0008080559794992201,0.000802802623888154,0.0008069034887081309,0.0008118642589258676,0.0008240170063334796,0.0008282904473019701,0.0008314784823608637,0.0008433584742340896,0.0008458960042222973,0.0008408466320082492,0.00084077533641844,0.0008557854060276571,0.0008563042196906902,0.0008615037625769978,0.0008665823988164523,0.000854173926797917,0.0008436926230527638,0.0008356438409552578,0.0008356251198668012,0.0008492976695315622,0.0008705421053303016,0.0008887716923651895,0.0008975363160109083,0.0009161793126540307,0.0009244468010692208,0.0009111280580500986,0.0008646950098219624,0.000803916664705849,0.0007486186802528753,0.0007098146572970713,0.0006860518412341501,0.0006736339744784528,0.0006671088116511767,0.0006606183580916441,0.0006487031020815507,0.0006339173805022424,0.0006242733943749256,0.0006201601748132832,0.0006187211106101729,0.000625758680366455,0.000629873765641681,0.0006329028329063008,0.0006358496784534311,0.0006362214911253451,0.0006360976595431925,0.0006357365906760712,0.0006419774454290632,0.0006437107900512656,0.0006415884798767849,0.0006406967641822065,0.0006437327999128633,0.000647428634575696,0.000639645688168392,0.0006445987539783724,0.0006413212263948335,0.0006290163200410198,0.0006258955935363802,0.0006334478816362539,0.0006452753033959159
26,0.0006192530055448752,0.0006144892969450741,0.0006229766214589462,0.0006205178089648815,0.0006154542047254876,0.0006187290971254493,0.0006176478677029318,0.0006150268986238764,0.0006127670230982349,0.0006143738079746867,0.0006143453768776893,0.0006146691231820073,0.0006105940627923902,0.0006083818677294981,0.0006063987623580432,0.0006064247293350461,0.0006057271967193764,0.0006025073966883942,0.0006054563959763874,0.0006066692829444184,0.0006022346028858059,0.0005922106738962168,0.0005902630654929918,0.00059256420283313,0.0005969962001553584,0.0006030245100655924,0.0006070755709254989,0.0006073048193633545,0.0006077547465369053,0.0006092911566754556,0.0006188176700663286,0.0006436571608113594,0.00068527459313108,0.000734107752457503,0.0007727348093341331,0.0007931420039503829,0.00079021944148822,0.0007796088264788362,0.0007612416572584931,0.0007558815577109875,0.0007497270420118965,0.0007521324717272642,0.0007460077716652968,0.0007554610878589251,0.0007668020262001375,0.0007694356173419549,0.000765326103267345,0.0007552684503411266,0.0007274890776768618,0.0007004028759366796,0.0006878971492998519,0.0006848793986339499,0.0007033238160674632,0.0007197508251383831,0.0007274019902107429,0.0007290961331860971,0.0007314220869480906,0.0007378607222090964,0.0007477707649638333,0.0007545907957237047,0.0007608242732326927,0.0007624553478514758,0.000766139635399143,0.000760197920360305,0.0007533489854996819,0.00074101382463952,0.0007267629817036493,0.0007075762699477568,0.0006780720487319342,0.0006469996459419053,0.0006246934646923473,0.0006104322686861416,0.0005990504660000458,0.000593950673230386,0.0005987125339871463,0.000606659983669126,0.0006126262991545427,0.0006108757652191024,0.0006152824494982279,0.000620779043829224,0.0006127184618896102,0.0006127639886151023,0.0006123600142088245,0.0006174215689545158,0.0006204532857638831,0.0006159635758381364,0.0006072787138028324,0.0006079646965793178,0.0006096926460511145,0.0006099355311792339,0.0006116106645755436,0.0006084550217568884,0.0006091580847577408,0.0006110624125980561,0.0006141290366615193,0.000613966491920947,0.0006161242587863167,0.0006172385638122188
27,0.000636179914960762,0.000628017896279775,0.0006284373212648679,0.0006148833285653224,0.0006131735106373587,0.0006076206651997913,0.0006094485813308903,0.0006118901254297795,0.0006123778370769603,0.0006134968947576572,0.000615159740008266,0.0006233870774198493,0.000629924977596007,0.0006178350881257175,0.0006094439068932234,0.0006050325308517075,0.0006087176551019,0.0006324867851414026,0.0006344667483126923,0.0006358982538579524,0.0006121735955187908,0.000597193013645063,0.0005940781774301643,0.0005791881961166457,0.0005787756737126097,0.0005924774629672264,0.0006159155368749673,0.0006479629199817853,0.0006944752043041181,0.0007464906341922435,0.000793300017550935,0.0008286875891997357,0.0008477571433618786,0.0008536563044073057,0.0008424175258491958,0.0008199696769765684,0.0007923298892323133,0.0007632975003595684,0.0007417147545270841,0.0007349129610749613,0.0007381944283461878,0.000739850097619976,0.0007438535790270141,0.0007428713608101928,0.0007432496829474407,0.0007344444465014329,0.0007338024718084577,0.0007361056406387885,0.000741410363873684,0.0007321854880347353,0.0007259073094490312,0.0007382699198630988,0.0007577838863775127,0.0007677535616568606,0.0007613657608375406,0.0007470946439568747,0.0007510082019188504,0.0007558820904332435,0.0007680083498728661,0.0007897682296127591,0.000806731891765384,0.0008273807462985366,0.0008505250119760197,0.000855122250198778,0.0008320166241002639,0.000794846181929517,0.000743365761990813,0.0006855493528646932,0.0006390254949636052,0.0006094137253102,0.0005893340607273585,0.0005767947009568394,0.0005673682979202982,0.0005589982402203,0.0005539963450747411,0.0005501522446890457,0.0005550122553388991,0.0005660070600897525,0.0005814661630637496,0.0005848757668722876,0.000589054067253923,0.0005993529029011045,0.0006062284832941044,0.0006123310204682746,0.0006171278863470752,0.0006135386564884473,0.000620296727179642,0.0006194272608146128,0.0006223731462592765,0.0006177627586688594,0.0006204866885735202,0.0006146478261519712,0.0006181699381117393,0.000612733407257964,0.0006073354442408,0.0006089233799863343,0.0006000616980778515,0.0006028871403651048
28,0.0005792605157127091,0.0005741693569471275,0.0005761484817328531,0.0005856259637584225,0.0005930728759538756,0.0005928193678785709,0.000595306023834377,0.0006023899752614356,0.0005983525146425552,0.0005954739391239104,0.0005994481208195082,0.0005979786766687643,0.0005933932765684137,0.000594838927852195,0.0005945240267428507,0.000597407242712104,0.0005986475713297215,0.0005922481310575889,0.0005838466666596449,0.0005832234862986613,0.0005668214273171551,0.0005535027757984368,0.0005518730776605156,0.0005539613275012827,0.0005577296194683651,0.0005615334253983588,0.0005643166152170465,0.0005670439384416969,0.0005725530036225864,0.0005814707169059771,0.0005991278556265692,0.0006267056944368775,0.0006721613970291145,0.0007232684138377789,0.0007646150797530769,0.0007828123952099326,0.0007885116552893131,0.0007825241099534694,0.000775375882966998,0.0007611607272081512,0.000760038612059251,0.0007684519666163084,0.000777497439306243,0.0007947817843250709,0.0008117912853691048,0.0008162280960893507,0.0008077490998790912,0.0008111608929915869,0.0008245424486263808,0.000834975907107146,0.0008256336479383747,0.0008134030877761688,0.0007993826010260157,0.0007888138604103496,0.0007792862820765686,0.0007655809970307661,0.0007437380256164233,0.0007373771540466657,0.0007375057360568131,0.0007378648618733939,0.0007455218376721779,0.0007543250427388574,0.0007656586699162309,0.0007693536662576513,0.0007683382530969795,0.0007661387751036826,0.0007495173084133093,0.000716953357773326,0.0006721621379819706,0.0006305608857337178,0.0006014212865249597,0.0005876771000990389,0.0005778706652691289,0.0005711671492972901,0.0005758205620969776,0.000576554325625802,0.0005888452535500688,0.0006052615807498838,0.0006117755647256644,0.0006124271886252288,0.0005990000652055366,0.0005967544693218204,0.0005953482453252269,0.0006043443627037285,0.0005985045421280497,0.0005880115800783574,0.000576271462750054,0.000570851124680978,0.0005690988140962666,0.0005753868275630629,0.0005714087689342493,0.0005718358658566937,0.0005749269772300021,0.0005769553499793981,0.0005816418439115608,0.0005826349306570844,0.0005859810875754411,0.0006047474761020395
29,0.0006126108405622888,0.0005999676240769754,0.0005928219590160984,0.0005898874495410837,0.0005911125663894808,0.0005879062933007738,0.0005874970831594147,0.0005854759215119679,0.0005836279970810121,0.0005832278905119056,0.0005812898884558512,0.0005805387783349359,0.0005790081270691599,0.0005783667877018748,0.0005805988231247076,0.0005777484068890216,0.0005777426382229363,0.0005778606655381883,0.0005784789484869343,0.0005689370455509797,0.0005629006456379463,0.000558088024703739,0.000555112410716286,0.0005567856132874374,0.000562738061557518,0.0005695432983391398,0.0005755101518227404,0.0005804904729593474,0.0005864820060420069,0.0005939494375455494,0.0006065470149726216,0.0006270255690992075,0.0006593653900706822,0.0007028573347125335,0.0007544245780080999,0.0007866405902707258,0.0007975895437038761,0.0007988409443063226,0.0007969377911400853,0.0007977837947528588,0.0008025443443592801,0.0008058500460501139,0.0008047500298740266,0.0008180524318366128,0.0008298367544478328,0.0008158386769041097,0.000805361976196335,0.0007821355853068981,0.0007513851250170078,0.0007357678114856836,0.0007298476246409879,0.0007364440987850611,0.0007454835173781814,0.0007534055195251069,0.000763675027568223,0.0007694825224187566,0.0007700348642567552,0.00077201219149903,0.0007743283036035299,0.0007773974327759134,0.0007806612910210409,0.0007870406696386597,0.0007946314354525565,0.0007996441742054973,0.0007986787868623921,0.0007928269008328388,0.000772217441180091,0.0007353633321502847,0.0006940726652409683,0.000649225205769483,0.0006146393404501797,0.0005939710450104907,0.0005825437936561931,0.0005748686006911926,0.0005710511543394451,0.0005785659715210561,0.0006000073773544756,0.0005978641054040421,0.0005935562175496844,0.0005995345679980675,0.0005910283697502393,0.0005859551328077871,0.0005894366192579232,0.00059078952778836,0.0005986015497060873,0.0006018765716726904,0.000590952644490712,0.0005851527754548371,0.0005827822636358239,0.0005819547470027761,0.0005837640033728243,0.0005827650906105245,0.0005817228175310764,0.0005848711883806478,0.0005863035006329897,0.000588446116712571,0.0005869483039756482,0.0005905864200575256
30,0.0005743067047481842,0.0005682869444295715,0.0005669041577427982,0.0005690529703260332,0.0005721063062050799,0.0005735477909431673,0.0005748527011720545,0.0005723871331588648,0.0005737194350854402,0.0005788576837003806,0.0005789728483604817,0.0005796143312619972,0.0005756450526378852,0.0005717024576832416,0.0005702514823907433,0.0005676851499130525,0.0005676153069773118,0.0005675856048514622,0.0005665616812108151,0.0005604761223441236,0.0005603526319814514,0.0005599115149160136,0.0005601314110694377,0.0005589033828658303,0.0005611066741192303,0.0005633595173193886,0.0005646095523166264,0.0005647829239864688,0.0005657618803102889,0.0005713377776068523,0.0005853912321700755,0.0006107206015040793,0.0006490672808366542,0.0006945973971232929,0.0007327722203364604,0.0007605585449629596,0.000778005119906566,0.000781232948091186,0.0007755275981850214,0.0007702349818708213,0.0007669886646752218,0.0007668533472915951,0.0007696520719225204,0.0007739857053362947,0.000774958813399435,0.0007703224387217122,0.0007632228049818209,0.0007349300122309526,0.0007168427063663944,0.0007129341729000302,0.0007109493686757142,0.0007140859790696895,0.0007149889016435214,0.0007147328386861781,0.0007178308500258454,0.0007251385088234224,0.0007281734595496337,0.0007322562934998403,0.0007367461719661818,0.0007369329726071035,0.0007355844787355744,0.0007382965630701757,0.0007495782439465785,0.000761753701605553,0.0007619284809804668,0.000761668341954928,0.000755506818809727,0.0007216226670741954,0.0006698874685762665,0.0006193002549497568,0.0005830540319994065,0.0005651446856270162,0.0005568696927379563,0.0005534142191232919,0.0005551959242864724,0.0005662805347128811,0.000571873868964819,0.0005769784884429232,0.000588016507437157,0.000589437830139975,0.0005826424899767564,0.0005802981092188922,0.0005845379883936564,0.0005777582147754346,0.0005700145490651755,0.0005685398727091395,0.0005653654258378641,0.0005639332331369022,0.00056181821531838,0.0005588059548820778,0.000556198788292144,0.0005567475284275132,0.0005585335777033568,0.0005608310830402174,0.0005651180570303819,0.0005674879741842204,0.0005684718543053251,0.000569040218576762
31,0.0006221769331161286,0.0006212963574148924,0.0006176267219983279,0.0006155663232777399,0.0006130010822483703,0.0006127683403502903,0.0006141315327420108,0.0006140825693985725,0.0006139573675761597,0.0006166628480468904,0.0006151173703210596,0.000617946900532432,0.000619857936591923,0.0006219040413727973,0.0006222192504298688,0.0006234791965567641,0.000624376946730375,0.0006359811927259872,0.0006416345138954956,0.0006437656628354439,0.0006313604264672573,0.0006257556969373299,0.0006315692849193183,0.0006312615291543777,0.0006376263339587582,0.0006456332738633006,0.0006623968402578407,0.0006995366114141497,0.0007496085105688089,0.000800923796333945,0.0008271907549130694,0.0008468747342291091,0.0008488018089110531,0.0008597075474815934,0.000858763882542255,0.000854622325275292,0.0008451849756795939,0.0008365499059663892,0.0008285760816772918,0.0008222114860194405,0.000811030960475141,0.0008089189027234792,0.0008128516044426789,0.0008154558452392472,0.000818377068320105,0.0008211778678027361,0.0008353037574266964,0.0008443989957676945,0.0008501875955051795,0.000853100547394009,0.0008532376750379171,0.0008546868365891856,0.0008582224166413332,0.0008567592990737863,0.000846050585852094,0.0008322734077197603,0.0008349870238045128,0.0008376046980174387,0.0008494522722322238,0.0008613284282979146,0.0008715320452558845,0.0008775895292638377,0.0008752489980359415,0.0008600572362717997,0.0008361101644665186,0.0008024427101071652,0.0007701362249231566,0.0007371490641366108,0.0007030722112603825,0.0006732428056331036,0.0006501102630257348,0.0006344522053792009,0.0006256642850430871,0.0006202411542766703,0.000617270897070648,0.0006144305393367537,0.0006097396806636292,0.000606452335170835,0.0006140580208441848,0.000634297159458834,0.000636147300070968,0.0006387903475168915,0.0006395000000699323,0.0006355541257229264,0.0006325457075691936,0.0006270084542530084,0.0006205075383263268,0.0006175045890975689,0.0006178402045628618,0.0006131990304209608,0.0006144683927601832,0.0006118882891608853,0.0006118096652169171,0.0006149131064575211,0.0006159262345636825,0.0006236492637075928,0.0006319282609416522,0.0006331827894247783
32,0.0005825904042419917,0.0005744043857400563,0.0005716388319093046,0.0005686061348818952,0.0005721184096807182,0.0005759450660864318,0.0005770575580808329,0.0005861668616307259,0.0005831471554111967,0.0005869844679569126,0.0005874080303162606,0.0005859238262982176,0.0005827815982239038,0.0005810626695246952,0.0005808496950618366,0.0005802503169154532,0.0005788781714242074,0.0005794266655857581,0.0005786267213601561,0.0005738265237738415,0.0005699679920414092,0.0005562198905433622,0.0005458500973237104,0.0005393304125785328,0.0005372632323168883,0.0005404727898312992,0.0005443840075125084,0.0005478787007646158,0.0005519904518171284,0.0005609435567653256,0.0005839301264564683,0.0006335824241346298,0.0006997388649643254,0.0007661049963973821,0.0008074433992954307,0.000820316677975788,0.0008172654633285204,0.0008130012696340221,0.0008061356172125331,0.000795738032974736,0.0007964282319598984,0.0007952633204356674,0.0008021028010420782,0.0008165160670234307,0.0008233276868717205,0.0008195808310408795,0.0008022280725527492,0.0007811467615503207,0.000751983663836468,0.0007237506403971382,0.0007342280325411144,0.0007568554048100035,0.0007723997124832976,0.0007759462058730423,0.0007730551861045128,0.000772577798539069,0.00076539482798797,0.0007564282718774465,0.0007527360221749786,0.0007540325824889568,0.0007618732396143484,0.000772687625836231,0.0007898257326480547,0.0007947052121971453,0.0008105652107269161,0.0008067234469243839,0.0007867805068334194,0.0007459569740454746,0.0006811444846333134,0.0006191612752219938,0.0005783376413658248,0.0005591914587279072,0.0005502822037298264,0.0005461482856902857,0.0005507898690174794,0.0005547114182471545,0.0005630685904842496,0.0005765732280363366,0.0005884049108129612,0.0005848187393722459,0.0005800778359524041,0.000575652208492471,0.0005734995942405724,0.0005743698356184536,0.0005765147917392436,0.0005799637392880168,0.0005868613480377152,0.0005838612567454954,0.000582174125599694,0.0005881076084862488,0.0005824299929942868,0.0005835768584403037,0.0005795981097083629,0.0005801885500007117,0.0005828476009932036,0.0005812489312700185,0.0005831922466671206,0.0005796827340981499
33,0.000602145267377172,0.0006026786687785824,0.000604535911264336,0.0006048283510381799,0.0006061925764337888,0.0006097129009579292,0.0006120896882998764,0.0006104038215378632,0.0006091843752430656,0.0006029953301610975,0.0006067069899437646,0.0006032266862050511,0.0006032983685907332,0.0005999353127682304,0.0006019616762621943,0.0005999498304923,0.0005998278385020102,0.0005966585745603376,0.0005936593992644458,0.0005923202904200672,0.0005959106890145546,0.0005947828459541432,0.0005876512677750558,0.0005881991014069345,0.00059340904787668,0.0006005136046306987,0.0006081465859268513,0.0006172376796950366,0.00063246811976162,0.0006585722127485761,0.0006980254974473864,0.0007456784003908189,0.0007966429601700478,0.0008257610116972481,0.0008447106987188349,0.0008467550262093069,0.0008375765133863755,0.0008307389680147669,0.0008259170403277826,0.0008228872282488208,0.0008203560967470093,0.0008200376509341772,0.0008105092717243203,0.0008057363389313241,0.000795858508103344,0.0007802111196119005,0.0007709618353533166,0.0007708747064068755,0.0007929981182444549,0.0008115171121702964,0.0008090649257865208,0.0008128042057590878,0.0008056315211293483,0.0008090106043650094,0.0008044965292626385,0.000794460113765067,0.0007755811110138937,0.0007712358161572561,0.0007707214157280947,0.0007767190437060154,0.0007853008237883737,0.0008003415462588266,0.0008062152517652086,0.0008154739225651397,0.0008198140294386144,0.0008228350710762044,0.0008176711485499942,0.0007969847130224448,0.0007532656494405456,0.0006948794707389471,0.0006446290158952475,0.0006173977566325881,0.0006075700179551992,0.0005996233435806051,0.0005925867036450462,0.0006069280320955987,0.0006142934769682036,0.000610507858585214,0.0006156673800446757,0.0006187591657691199,0.0006235105534820361,0.0006154006683875301,0.0006224275156257838,0.0006215336384496584,0.0006132450087612069,0.0006020764271201668,0.0005987051220792751,0.000597292681544366,0.00060047510788043,0.0006046670920602848,0.0006035541565316991,0.000602020019879185,0.0006018665511326458,0.0006065320074595742,0.0006104139000970609,0.0006093539508992992,0.0006120903010105651,0.0006158559201366229
34,0.0006359974409040116,0.0006321721327748039,0.0006416436282600782,0.0006411483600494784,0.0006477181729273852,0.000652920439208886,0.0006522627209174486,0.0006552382722363466,0.0006512596055291388,0.0006542199508091967,0.0006435470314787296,0.0006435731929427766,0.0006426203259324636,0.0006452025960105184,0.0006469080838158249,0.0006439771427667336,0.0006415061590569724,0.0006328962876722192,0.000630881488156692,0.0006279745683321168,0.0006230260938071395,0.0006121028569068326,0.0006051362364747605,0.0006039588164661429,0.0006052458582281302,0.0006088848540560211,0.0006155154826872952,0.0006251780447338203,0.00063353795433848,0.0006453753209265227,0.0006767019054929335,0.0007430098022232333,0.000827726069509125,0.0008879967564222346,0.0009069593501734282,0.0008977907979082955,0.0008780317594678187,0.0008563065663654784,0.0008314346077891861,0.000808020961672813,0.0007927760708374273,0.0007888442001034642,0.0007934720417306089,0.0008029579566774967,0.0008155788081242398,0.0008222289608347667,0.0008202867373403664,0.000814558227779171,0.0008085061867850213,0.0008021807916633539,0.0007925249391819766,0.0007887200176533033,0.0007863677624842528,0.0007799817700433117,0.0007742842083791457,0.0007686547003081715,0.000768190579030545,0.0007702940982914794,0.0007690972858570886,0.0007745121702437715,0.0007835248649766528,0.0007988653532468274,0.000820180836074582,0.0008425942483802951,0.0008594430572219914,0.0008726815877717369,0.0008778479374182585,0.0008641530519317745,0.000811065919004974,0.0007365635265998571,0.0006763041389451681,0.0006432311595929479,0.0006259430856387022,0.0006150888494053733,0.0006172000310673288,0.0006190588334188862,0.000631444491957524,0.0006339077426295109,0.0006345857660436148,0.0006460812378206105,0.0006330981862480731,0.0006266064407170454,0.0006361093779700584,0.00062386855944722,0.0006126226755303617,0.0006149535417919894,0.0006138628283820632,0.000620476030202479,0.0006287718228702251,0.0006272556985858818,0.000629756592249541,0.000634714735956935,0.000637451969784764,0.0006438388577463151,0.0006500362081545555,0.0006478623634708275,0.0006614897405486356,0.0006624448331396294
35,0.0006140098172432888,0.0006055918479422175,0.0006020271354151862,0.0006031945819242636,0.0006005328699205855,0.0006038094302219678,0.0006038615410117181,0.0006099607832581895,0.0006131668958784625,0.0006168943602995344,0.0006133132610575486,0.0006083862425302767,0.000614101203424883,0.0006154007156118064,0.0006100237659231816,0.0005975383033097778,0.0005892408814870109,0.0006020053545443692,0.0006209653645321097,0.0006062976823236416,0.0006099702801268082,0.0005997558015185452,0.0005937738081657651,0.0005825198525653785,0.0005824218616556681,0.0005883226456837203,0.0005977344886329842,0.0006149219944507526,0.0006482184288646044,0.0006927991489509024,0.000732142776370084,0.0007665157002048148,0.0007910569322431718,0.0007968115277501617,0.0007953145468721262,0.000784423082537432,0.0007682537416798172,0.000755698794960321,0.0007438623652743486,0.0007377126101194472,0.0007332629683123096,0.0007324574911449965,0.0007293929923141965,0.0007304951705851834,0.0007315095785887562,0.0007346855434306077,0.0007426626410899382,0.0007620882200166067,0.0007779328707770223,0.0007918923462639513,0.0007985025776562076,0.0008010004261317533,0.0008014502956834446,0.0007956721954905207,0.0007873759505933916,0.0007814405253579558,0.0007809865775789537,0.0007871192249135972,0.0007985299082949766,0.0008134091277699275,0.0008277188449372051,0.0008403667242460583,0.0008351923170948316,0.0008098652197113661,0.0007588413907275997,0.000698152368420407,0.0006479166483723976,0.0006129572602277883,0.0005947851625705551,0.0005854808264537235,0.0005783702981267891,0.0005737455494842968,0.0005684884043964255,0.0005652629629757745,0.0005668219404565785,0.000573757872240721,0.0005860194475162339,0.0005912816364664444,0.0005924935261110573,0.0005940252417687616,0.000596459847639018,0.0006020269572312822,0.0006032667420720272,0.0006034719923633774,0.0006048567446638,0.0006024144453703868,0.0006014365546914091,0.0006016935988421022,0.0006042873381581212,0.00060914621084605,0.000612751688314238,0.0006104708652413522,0.0006129435630507577,0.0006101683360601057,0.0006032352406219571,0.0006072149677891363,0.0006110424322367867,0.0006132756205243206
36,0.0006246037384527025,0.0006328034824112825,0.0006440875060162114,0.0006413811293660684,0.0006412902829783492,0.0006346540988060782,0.0006331725279482639,0.0006364467322222386,0.0006295564110043871,0.000635054972703698,0.0006467181335237201,0.0006383521899089241,0.0006309948152102071,0.0006351289840542179,0.0006364903938839103,0.0006410232020826562,0.0006400491472586161,0.0006262462087570025,0.0006155522242018481,0.0006131521565349642,0.0006087422043897233,0.0006073787826142686,0.0006111785003265687,0.0006160147951185731,0.0006266350223068308,0.0006436941214807937,0.0006635233424377746,0.0006858575075369174,0.0007041940327004964,0.0007301082993798477,0.0007602742398493958,0.0007984071731639006,0.000845616384006809,0.0008963555026418261,0.0009440667523751224,0.0009622968483040317,0.000957627317201114,0.0009548417054386114,0.0009481547235782624,0.0009323724745612862,0.0009280581900243449,0.0009190392700532592,0.000910151576961926,0.0009243378749922208,0.0009374175364804386,0.000934887744627399,0.0009347955834960525,0.0009400095489112035,0.0009272237350118465,0.0009180603466696944,0.0008989495083737555,0.0008795798198143377,0.0008740440525184355,0.000880067836317958,0.0008786492702475873,0.0008727013751798401,0.0008691534924162413,0.0008546114841036226,0.0008565118420632389,0.000863361491884146,0.0008768140352766352,0.000888145135957102,0.0009003865801276141,0.0009037413119470862,0.0009055434227108266,0.0008954854762363638,0.000874785550766193,0.0008429161231327221,0.000798297803328171,0.0007556129498614647,0.0007209730262983942,0.0006929700546730768,0.0006758959447929251,0.0006691894205009051,0.0006547878168078696,0.0006531088254536336,0.0006390601368292499,0.0006703306885759492,0.0007111959443466692,0.0007108208982247549,0.0006972465431416135,0.0006554145755512152,0.0006479130272957462,0.0006376548153757342,0.0006273732695729584,0.0006240594610143642,0.0006246064749246824,0.0006214878940406291,0.0006223504365358532,0.0006266181408456377,0.0006329053802530795,0.0006366421771349721,0.0006398802285419248,0.0006459167691112512,0.0006510794827690645,0.000653286666514138,0.0006480489215420533,0.0006454928847430549
37,0.0006077430859165592,0.0006087675192870705,0.0006019187230252975,0.0005966392087922417,0.0005922828654282096,0.0005892028427975245,0.0005887491189337684,0.0005860254071556494,0.0005874046234935613,0.0005896727538000365,0.0005910631546746121,0.0005936055991696521,0.0006046560881520752,0.0006208940630622915,0.000622937909462367,0.0006224777539733534,0.0006117503075408697,0.0006319390678501121,0.0006260756785191316,0.0006179358453359262,0.0006135517724414583,0.0006007295690125432,0.0005971458221925544,0.0005919568685542697,0.0005961060871095745,0.0006055562278361561,0.0006202030162980656,0.0006473174998872187,0.0006926264442338759,0.0007559277165316557,0.0008199406712821523,0.0008633748789140196,0.0008858485904505356,0.0008727043710970421,0.0008695351461435923,0.0008584919341753374,0.0008446159361638382,0.0008319221684933019,0.0008139757369075009,0.0008109519327850365,0.0008041665733654867,0.0008170774451562949,0.0008326299319445709,0.00085072330585644,0.0008662120768515032,0.0008798288023696762,0.0008869637788172193,0.0008856797547987233,0.0008571932743085332,0.0008224855388466612,0.0008081744394116318,0.0008115022747093981,0.0008364241183179348,0.0008521784106285334,0.0008552737772623929,0.000846890908604428,0.0008469060471699799,0.0008512216489189093,0.0008573175214313778,0.0008643593645817931,0.0008711989959914109,0.0008703721916099466,0.0008646469035958276,0.0008231025982419008,0.0007698725337188432,0.0007077628708127623,0.0006558968638723424,0.0006251985419231764,0.000608835371869914,0.0006003070690715832,0.0005944546888842463,0.0005895129809790966,0.0005863784452560945,0.0005837170923629233,0.0005821739044485475,0.0005810185618039614,0.0005823325521982411,0.0005893965491691608,0.0005964559062133991,0.0006030556872626038,0.0006051322524572322,0.0006018653886584903,0.0006001676419449287,0.0005999697603256874,0.0006008826559224896,0.0006061157897629468,0.0006017187733375895,0.0005983143406096354,0.0005948110149310248,0.0005933554400250296,0.0005905835278305412,0.0005931438734977948,0.0005941417343800652,0.00059713721381398,0.0005970617002728447,0.0006016395853920798,0.0006036441883822023,0.0006106482561764934
38,0.0006238664927709496,0.0006267406550538761,0.0006329980256472725,0.0006224760704137247,0.0006161237336157192,0.0006143365424456872,0.0006074527410336719,0.0006087070117436483,0.0006100555015224161,0.0006059012934453376,0.0006005092331041631,0.00060246917736695,0.0006066773821585824,0.0006172231784904552,0.0006278936012105367,0.0006251931301494444,0.0006197020511166868,0.0006413907966370632,0.0006674457591360531,0.000664682093424264,0.0006591633370268199,0.0006404231115044182,0.0006073612775553985,0.0005973671023461304,0.0006077710780131056,0.000618165804593015,0.000632093655556971,0.0006589567256471181,0.0007146326417848649,0.0008011896751164336,0.0008747260410983678,0.0009165335746039508,0.000917723883455549,0.0009057119274382509,0.0008853184871092667,0.0008688846144033098,0.0008522304014984899,0.0008396020044408763,0.0008355766396257076,0.0008305866878897561,0.0008286030498029463,0.0008416175118369808,0.0008510431173657949,0.0008669322067777376,0.0008736155255748226,0.0008784500523115118,0.0008833478233473527,0.0008887015729840285,0.0008914105523219406,0.0008924836091311632,0.0008966160508266239,0.000899228346971283,0.000903424258554272,0.0008991565699663597,0.0008816937544183773,0.0008696190003619107,0.0008679745589950707,0.000877313677498259,0.0008949332342597322,0.0009197295910336739,0.0009373542878376263,0.0009529125374760226,0.0009582871025814831,0.0009311486181953629,0.0008555843398586114,0.0007625111187922318,0.0006890753013862431,0.0006530256426724465,0.0006373791003167503,0.0006298191116353824,0.0006212631172337153,0.0006113480382950573,0.0006020299608984866,0.0005930176866127867,0.000585536714421603,0.0005872307799309948,0.0005875013540838697,0.0005994416077403594,0.0006158730939461331,0.0006265906876993715,0.0006281330539958089,0.000630695171436688,0.0006378352377542456,0.0006417532327996895,0.0006538224746183947,0.000661668962003332,0.0006512864247700201,0.0006435337493982739,0.0006394549606502681,0.0006340604623604129,0.0006404073265113482,0.0006293121226201129,0.0006420025228131544,0.0006332055416428822,0.0006337279402858793,0.0006423158896778958,0.0006543528797568506,0.0006624953832378597
39,0.0006460575546879342,0.0006459015492936321,0.0006410671197403772,0.0006324259481390687,0.0006264559770864019,0.0006192951368604676,0.0006186027550404907,0.0006226360009869886,0.0006228718079389533,0.0006223801427708585,0.0006189233901466299,0.0006275200150280057,0.0006292456761796891,0.0006351873803655215,0.0006313279311422215,0.0006270484890732879,0.0006273800350945072,0.0006437022799334833,0.0006298981659727164,0.0006208846208483245,0.0006195767900464089,0.0006138231587337041,0.00059975052870813,0.0005953476710431432,0.0006050976548663126,0.0006169094899398229,0.0006300437609421334,0.0006547463899140595,0.000699260596840037,0.0007627088211590623,0.0008174407821061581,0.0008581329663774,0.0008759230287194152,0.0008757332434602572,0.0008721130631890438,0.0008623793756969815,0.0008465728398811009,0.0008372326091029944,0.0008298222569203267,0.0008199306492127507,0.0008110551112782358,0.0008047021228793393,0.0008026753655311351,0.0007976599199417952,0.0007924295731317592,0.0007827758409324777,0.000784544778938187,0.0008017753021177208,0.0008125366557502922,0.0008236931634624451,0.0008451992354012542,0.000854692095297349,0.0008667481495359413,0.0008679906888159363,0.0008615764272401859,0.000855638711797284,0.0008579473802940092,0.0008504253990166278,0.0008586341100106295,0.0008713951171482702,0.0008763729195766011,0.0008831168012187043,0.0008771032382608237,0.0008521073948364558,0.0007980384564790613,0.0007328781924406295,0.0006792298423057616,0.0006455569761553402,0.0006276375087616048,0.0006172537058871114,0.0006099803668606636,0.0006031028708478264,0.0005994436381767977,0.0005941111334852449,0.000589615436084679,0.0005880422782167414,0.0005928307167909636,0.0005951040319042125,0.0005997056928382544,0.0005992151292471709,0.0006038315653214997,0.0006101980562320968,0.0006141327173494812,0.0006116089453995323,0.0006136734893334339,0.0006137783809608161,0.0006199894398604728,0.0006266827710943524,0.0006292807684332485,0.000626926776001573,0.0006270565067164379,0.0006226298082710516,0.000621731726483053,0.0006156439577905867,0.0006128977049524178,0.0006232484455798858,0.0006242800566135429,0.0006271366197055073
40,0.0006291951182707374,0.000627332236533335,0.0006177135430642758,0.0006141486669412339,0.0006069411818319985,0.0006048270626627235,0.0005999304886735366,0.0005949479430278873,0.0005913690313022557,0.00059433278269289,0.0005896933836204298,0.0005897505586086502,0.0005928874954715537,0.0006062095630676596,0.0006168813492861369,0.0006112172013131876,0.000602358260454441,0.0006074015406578456,0.0006196243915641432,0.0006215581164781916,0.0006024322118154665,0.0005978678414138567,0.000601292442467724,0.0005860815404719253,0.0005923757094744743,0.0005992354409661147,0.0006084714911266812,0.000630465575468965,0.000684389269171514,0.0007509806056258117,0.0008196038291634083,0.0008707745797927652,0.000913830066757305,0.0009254923683487526,0.0009153353766515709,0.0009029844669459168,0.0008936646480618453,0.0008801031972222076,0.000866195473338847,0.0008610031740897758,0.0008516627337383538,0.0008461490185851872,0.0008451950690815533,0.0008371689256676931,0.000830268943473999,0.000831668526076827,0.000845682088972283,0.0008660168392750489,0.0008933450579986275,0.0009114072688492976,0.0009140116020351978,0.0009074770553764621,0.0009097954203498455,0.0009242315675111382,0.0009195453655412026,0.0009087849523546362,0.0009175753835922189,0.0009193397981203984,0.0009241432460487057,0.0009370581752938074,0.0009383319377627975,0.0009488254268062926,0.000956300510470572,0.0009387640945511822,0.0008943411146369171,0.0008172427529379928,0.0007293287841182524,0.0006605833505210398,0.0006162779763256574,0.000594600657342074,0.0005853870214956616,0.0005819027855856353,0.0005786807932156891,0.0005754543995658523,0.0005736838700603504,0.0005741750169786315,0.0005804911030886413,0.000582435965064452,0.0005834492704571062,0.0005867093652110998,0.0005922024844843903,0.0005963702351791136,0.0005976085586887088,0.0005984783321167904,0.00060164260203988,0.0006041535776271049,0.000606886330949799,0.0006101915937746259,0.0006098755557645778,0.0006093192893483387,0.000608670468871862,0.000607248670560774,0.000603893994680245,0.000604257764208994,0.000596351012207857,0.0005964987215237362,0.0005991256621445262,0.0005965872281370751
41,0.0006313693767248169,0.0006300033220362393,0.0006233761897352537,0.0006208884152551809,0.0006276086598501182,0.0006225689301617257,0.0006208274178467427,0.0006188350377024987,0.000619850316926077,0.0006207765424836092,0.000617805425802944,0.0006159719182629841,0.0006173064519848629,0.000618647164688722,0.0006163044301322734,0.0006127583123537556,0.0006081219063001265,0.0006068304845394489,0.0006062661681963276,0.0006041949511326331,0.0005989873968299253,0.0005921471829702145,0.0005879363107527981,0.0005896625711315994,0.0005918311999823223,0.0005948365229627318,0.0005966189487793988,0.0005971718924093021,0.000599719266891673,0.000605355255310853,0.0006215545412588205,0.0006590699102291583,0.0007134184059659872,0.0007748067844944187,0.0008362367151829684,0.0008655843265165129,0.0008725109777802741,0.0008622111298628883,0.0008588483038897267,0.0008444457691973181,0.0008341318318631749,0.0008327663219886832,0.0008347356984931846,0.0008433814382249315,0.0008509218706080515,0.0008478343039960879,0.0008307957023456327,0.0008085641065162536,0.0007962129939462381,0.0007988783423365838,0.0007806353307585096,0.000774254777744465,0.0007844940989075914,0.0007868990876426309,0.000784539705526228,0.000785516588092449,0.000786778065198744,0.0007942552042908178,0.0007969085309628294,0.0008111203628386043,0.0008204026276042627,0.0008242587890433747,0.0008397393288076618,0.0008242007946973586,0.0008024021805263315,0.0007896019288740141,0.0007681145728260846,0.0007233854655485674,0.0006804424820980801,0.0006451294629008441,0.0006187092909944516,0.000606560612429201,0.0005978711912516479,0.0005927365738321184,0.0005921940148948123,0.0006011521530201244,0.0006059044726902168,0.000610817673123736,0.0006261650487138893,0.0006256900049954718,0.000619127194719215,0.0006097297879194681,0.0006110442281095947,0.00061235738276125,0.0006132361944721433,0.000613980145522596,0.0006132564805911259,0.0006132870739647464,0.0006131243760788185,0.0006124276613768319,0.0006147903571624597,0.0006147583274110079,0.0006155717880697629,0.000615521167920477,0.000620866448273576,0.0006205299839231996,0.0006206371529848576,0.0006227138471888008
